City_ID,City,Lat,Lng,Max Temp,Humidity,Cloudiness,Wind Speed,Country,Date
0,albany,42.6001,-73.9662,296.45,59,96,0.89,US,1692474012
1,edinburgh of the seven seas,-37.0676,-12.3116,283.2,62,100,15.8,SH,1692474221
2,puerto ayora,-0.7393,-90.3518,302.13,77,28,3.58,EC,1692474221
3,bethel,41.3712,-73.414,298.41,57,40,4.12,US,1692474221
4,badger,64.8,-147.5333,287.67,78,40,5.14,US,1692474221
5,west island,-12.1568,96.8225,297.14,78,40,6.69,CC,1692474221
6,jennings,38.7192,-90.2604,306.64,56,20,4.63,US,1692474017
7,haiku-pauwela,20.9219,-156.3051,300.51,65,20,6.69,US,1692474222
8,aasiaat,68.7098,-52.8699,278.22,82,100,6.95,GL,1692474496
9,college,64.8569,-147.8028,287.71,81,100,5.14,US,1692474222
10,acapulco de juarez,16.8634,-99.8901,305.05,62,0,2.06,MX,1692473949
11,new norfolk,-42.7826,147.0587,283.55,73,86,2.47,AU,1692474222
12,tura,25.5198,90.2201,297.3,96,100,2.04,IN,1692474222
13,whitehorse,60.7161,-135.0538,290.43,58,20,2.06,CA,1692473945
14,papatowai,-46.5619,169.4708,282.47,79,55,6.99,NZ,1692474223
15,georgetown,5.4112,100.3354,299.79,91,40,4.12,MY,1692474223
16,new ulm,44.3125,-94.4605,303.33,62,0,1.54,US,1692474497
17,petropavlovsk-kamchatsky,53.0452,158.6483,287.48,88,0,2.0,RU,1692474223
18,adamstown,-25.066,-130.1015,289.92,53,100,7.87,PN,1692474223
19,naze,28.3667,129.4833,298.66,88,100,2.41,JP,1692474223
20,santa cruz cabralia,-16.2781,-39.0247,299.28,73,40,7.72,BR,1692474224
21,ushuaia,-54.8,-68.3,278.94,70,75,0.51,AR,1692474224
22,bonanza,14.0289,-84.591,303.51,58,94,1.73,NI,1692474498
23,zhosaly,45.4878,64.0781,301.66,19,95,3.48,KZ,1692474498
24,bilibino,68.0546,166.4372,275.98,80,55,1.52,RU,1692474498
25,straldzha,42.6,26.6833,300.17,61,3,2.53,BG,1692474225
26,port-aux-francais,-49.35,70.2167,274.58,100,100,4.98,TF,1692474225
27,kodiak,57.79,-152.4072,286.88,72,75,3.6,US,1692474225
28,praia da vitoria,38.7333,-27.0667,298.57,73,20,1.31,PT,1692474226
29,crane,31.3974,-102.3501,310.52,20,0,7.26,US,1692474226
30,minas de marcona,-15.2119,-75.1103,291.5,55,100,5.46,PE,1692474226
31,olyokminsk,60.3736,120.4264,287.69,86,100,1.87,RU,1692474226
32,iqaluit,63.7506,-68.5145,282.0,87,75,1.54,CA,1692474226
33,champerico,14.3,-91.9167,307.45,69,27,3.13,GT,1692474226
34,saint-joseph,-21.3667,55.6167,293.36,81,19,0.67,RE,1692474226
35,grytviken,-54.2811,-36.5092,267.82,82,12,2.05,GS,1692474227
36,stanley,54.868,-1.6985,290.81,74,20,5.14,GB,1692474227
37,hithadhoo,-0.6,73.0833,300.35,77,99,2.83,MV,1692474227
38,cabo san lucas,22.8909,-109.9124,303.49,80,100,10.8,MX,1692473995
39,napajedla,49.1716,17.5119,298.23,81,6,1.58,CZ,1692474227
40,maridi,4.9158,29.4742,294.69,78,4,2.17,SS,1692474227
41,kununurra,-15.7667,128.7333,296.14,31,8,2.57,AU,1692474228
42,mount pearl,47.5166,-52.7813,291.4,89,100,8.75,CA,1692474228
43,port mathurin,-19.6833,63.4167,295.75,80,14,6.41,MU,1692474228
44,malvan,16.0667,73.4667,299.57,82,100,3.93,IN,1692474228
45,labrador city,52.9463,-66.9114,289.1,88,100,1.54,CA,1692474010
46,bodo,67.28,14.405,288.17,79,0,2.57,NO,1692474228
47,turkmenbasy,40.0222,52.9552,298.58,50,0,4.12,TM,1692474209
48,isafjordur,66.0755,-23.124,282.78,85,100,4.26,IS,1692474228
49,waitangi,-43.9535,-176.5597,285.27,93,100,2.24,NZ,1692474229
50,rongelap,11.1635,166.8941,301.84,77,44,7.46,MH,1692474229
51,blackmans bay,-43.0167,147.3167,282.89,78,15,2.65,AU,1692474229
52,veinticinco de mayo,-35.4323,-60.1727,284.25,53,100,4.92,AR,1692474229
53,lae,-6.7221,146.9847,297.09,88,100,1.66,PG,1692474229
54,yellowknife,62.456,-114.3525,289.44,87,75,5.14,CA,1692474058
55,mata-utu,-13.2816,-176.1745,300.84,80,93,8.23,WF,1692474229
56,dukhan,25.4297,50.7858,306.41,66,0,3.91,QA,1692474230
57,castillos,-34.1667,-53.8333,285.35,53,77,7.71,UY,1692474230
58,vernon,50.2581,-119.2691,295.16,42,0,0.51,CA,1692474230
59,avarua,-21.2078,-159.775,295.18,83,75,2.06,CK,1692474230
60,sola,-13.8833,167.55,298.86,82,12,5.32,VU,1692474230
61,tamanrasset,22.785,5.5228,301.1,32,40,3.09,DZ,1692474230
62,camiri,-20.05,-63.5167,294.03,56,75,1.54,BO,1692474230
63,tolanaro,-25.0319,46.9987,293.19,83,20,2.06,MG,1692474230
64,olonkinbyen,70.9221,-8.7187,280.08,95,100,5.73,SJ,1692474231
65,thinadhoo,0.5333,72.9333,300.4,78,97,3.61,MV,1692474231
66,vorgashor,67.5833,63.95,278.38,84,54,1.82,RU,1692474231
67,waddan,29.1614,16.139,303.57,31,1,5.6,LY,1692474231
68,nizhneangarsk,55.7833,109.55,282.38,92,100,2.16,RU,1692474231
69,omagari,39.45,140.4833,296.56,94,1,0.66,JP,1692474231
70,constantia,44.1833,28.65,295.76,71,17,3.5,RO,1692474232
71,nova vicosa,-17.8919,-39.3719,297.77,73,3,6.65,BR,1692474232
72,el granada,37.5027,-122.4694,301.42,73,75,4.12,US,1692474232
73,vadso,70.0744,29.7487,281.64,81,20,4.63,NO,1692474232
74,pisco,-13.7,-76.2167,295.18,60,0,5.14,PE,1692474232
75,sao filipe,14.8961,-24.4956,299.61,84,100,4.96,CV,1692474232
76,atafu village,-8.5421,-172.5159,301.5,77,82,8.34,TK,1692474233
77,talara,-4.5772,-81.2719,302.57,54,0,9.03,PE,1692474233
78,namibe,-15.1961,12.1522,289.93,80,66,1.9,AO,1692474233
79,jamestown,42.097,-79.2353,297.05,45,0,5.14,US,1692474128
80,lompoc,34.6391,-120.4579,302.6,64,0,3.09,US,1692474233
81,port blair,11.6667,92.75,300.17,89,40,0.0,IN,1692474233
82,huarmey,-10.0681,-78.1522,295.72,65,8,4.25,PE,1692474233
83,gua musang,4.8823,101.9644,297.02,92,100,0.26,MY,1692474234
84,puerto carreno,6.189,-67.4859,304.14,74,40,2.57,CO,1692474234
85,invercargill,-46.4,168.35,283.72,75,100,3.58,NZ,1692474234
86,axim,4.8699,-2.2405,297.88,85,69,1.23,GH,1692474234
87,cestos city,5.46,-9.5828,298.28,89,29,3.63,LR,1692474234
88,vilyuchinsk,52.9306,158.4028,288.3,86,8,3.56,RU,1692474234
89,whitecourt,54.1502,-115.6855,287.73,67,75,0.0,CA,1692474234
90,afaahiti,-17.75,-149.2833,299.08,72,27,6.98,PF,1692474235
91,kristiansund,63.1115,7.732,295.51,46,75,3.6,NO,1692474235
92,saint-pierre,-21.3393,55.4781,293.97,78,0,3.6,RE,1692474235
93,qaqortoq,60.7167,-46.0333,282.43,72,17,1.93,GL,1692474235
94,carauari,-4.8828,-66.8958,303.82,60,94,1.27,BR,1692474236
95,coahuayana de hidalgo,18.7,-103.6583,305.89,55,79,3.09,MX,1692474236
96,prineville,44.2999,-120.8345,299.7,15,3,3.03,US,1692474236
97,ballina,-28.8667,153.5667,281.92,57,0,3.0,AU,1692474236
98,puerto baquerizo moreno,-0.9,-89.6,296.78,71,81,5.64,EC,1692474236
99,ladario,-19.0047,-57.6017,296.31,73,40,2.57,BR,1692474236
100,otacilio costa,-27.4831,-50.1219,288.15,65,8,1.93,BR,1692474236
101,elverum,60.8819,11.5623,289.32,74,100,1.58,NO,1692474237
102,talnakh,69.4865,88.3972,288.82,81,98,2.68,RU,1692474237
103,yorkton,51.2167,-102.4677,290.06,63,75,11.32,CA,1692473961
104,ust-nera,64.5667,143.2,283.16,81,100,3.39,RU,1692474237
105,nar'yan-mar,67.6713,53.087,279.84,87,90,6.56,RU,1692474237
106,mejit,10.2753,170.8646,301.57,75,34,7.42,MH,1692474237
107,prince rupert,54.3161,-130.3201,287.98,93,40,3.6,CA,1692474071
108,kayangel,8.0823,134.7173,299.03,88,100,6.86,PW,1692474237
109,arkhangel'sk,64.5401,40.5433,283.64,92,100,1.81,RU,1692474238
110,la'ie,21.6477,-157.9253,303.18,70,3,5.13,US,1692474238
111,laguna,38.421,-121.4238,308.16,45,0,2.06,US,1692474238
112,borogontsy,62.6683,131.1683,287.24,96,100,3.14,RU,1692474238
113,la passe,45.5549,-0.8967,299.28,72,6,5.37,FR,1692474238
114,wailua homesteads,22.0669,-159.378,300.59,79,75,7.2,US,1692474238
115,emerald,-23.5333,148.1667,282.27,43,0,4.64,AU,1692474238
116,hawaiian paradise park,19.5933,-154.9731,301.33,75,40,3.09,US,1692474239
117,mersing,2.4312,103.8405,297.1,94,20,1.54,MY,1692474239
118,manokwari,-0.8667,134.0833,298.22,84,100,1.35,ID,1692474239
119,hermanus,-34.4187,19.2345,286.93,89,1,4.9,ZA,1692474239
120,sinabang,2.4803,96.3801,298.6,86,100,2.25,ID,1692474240
121,ruidoso,33.3317,-105.673,303.68,17,0,9.77,US,1692474240
122,saipan,15.1355,145.701,300.54,100,0,2.06,MP,1692474240
123,puerto natales,-51.7236,-72.4875,274.4,86,100,2.06,CL,1692474241
124,tiksi,71.6872,128.8694,276.44,86,100,4.82,RU,1692474241
125,machali,-34.1833,-70.6667,283.75,93,100,3.09,CL,1692474242
126,miri,4.4148,114.0089,298.23,94,20,1.03,MY,1692474242
127,taksimo,56.3444,114.8794,282.26,96,100,1.02,RU,1692474243
128,freeport,40.6576,-73.5832,300.65,50,75,7.72,US,1692474152
129,sao tome,0.3365,6.7273,298.17,83,75,3.09,ST,1692474244
130,nemuro,43.3236,145.575,291.64,100,100,3.28,JP,1692474245
131,taoudenni,22.6783,-3.9836,310.04,21,54,3.75,ML,1692474245
132,mildura,-34.2,142.15,279.3,91,0,2.66,AU,1692474246
133,carutapera,-1.195,-46.02,301.71,72,100,5.23,BR,1692474246
134,syktyvkar,61.6764,50.8099,282.0,93,0,3.13,RU,1692474247
135,keflavik,64.0049,-22.5624,287.39,77,0,3.6,IS,1692474247
136,mili,6.0815,171.735,300.13,81,100,5.15,MH,1692474247
137,lebu,-37.6167,-73.65,285.14,96,100,5.16,CL,1692474248
138,vigan,17.5747,120.3869,299.37,87,31,2.02,PH,1692474249
139,sitka,57.0531,-135.33,288.09,77,100,2.57,US,1692474250
140,viedma,-40.8135,-62.9967,281.59,69,100,10.03,AR,1692473974
141,pacific grove,36.6177,-121.9166,298.27,82,40,4.02,US,1692474250
142,enewetak,11.3474,162.3373,301.6,78,19,6.58,MH,1692474251
143,arenapolis,-14.4503,-56.8461,307.62,26,40,1.94,BR,1692474252
144,hamilton,39.1834,-84.5333,302.53,49,0,1.54,US,1692474252
145,howrah,22.5892,88.3103,301.15,89,40,1.54,IN,1692474253
146,oranjemund,-28.55,16.4333,285.5,85,0,3.31,NA,1692474253
147,buritis,-15.6178,-46.4233,305.47,23,27,1.42,BR,1692474254
148,salekhard,66.53,66.6019,279.48,82,2,3.86,RU,1692474254
149,nichinan,31.6,131.3667,298.97,92,89,0.74,JP,1692474254
150,alofi,-19.0595,-169.9187,297.09,88,81,3.6,NU,1692474255
151,winslow,35.0242,-110.6974,302.25,34,0,4.12,US,1692474255
152,shingu,33.7333,135.9833,298.55,93,7,1.52,JP,1692474255
153,vanimo,-2.6741,141.3028,297.4,92,100,0.84,PG,1692474256
154,kaspiyskiy,45.3929,47.3707,301.3,44,3,2.15,RU,1692474256
155,kokkola,63.8385,23.1307,289.22,94,0,0.0,FI,1692474256
156,margaret river,-33.95,115.0667,286.99,74,100,4.28,AU,1692474257
157,susuman,62.7833,148.1667,279.5,90,100,1.82,RU,1692474257
158,longyearbyen,78.2186,15.6401,280.06,81,75,4.12,SJ,1692474257
159,punta arenas,-53.15,-70.9167,277.21,87,75,4.12,CL,1692474216
160,ngetkib,7.3645,134.5148,299.67,82,100,5.74,PW,1692474257
161,strugi-krasnyye,58.2675,29.1114,290.57,97,86,2.1,RU,1692474246
162,new plymouth,-39.0667,174.0833,285.82,94,100,5.22,NZ,1692474347
163,monrovia,6.3005,-10.7969,299.02,88,76,3.33,LR,1692474258
164,chust,41.0094,71.2287,295.81,21,0,2.94,UZ,1692474258
165,tubarjal,30.4999,38.216,309.76,14,0,4.26,SA,1692473971
166,dourados,-22.2211,-54.8056,295.4,63,45,1.41,BR,1692474259
167,novokuznetsk,53.7557,87.1099,286.59,100,100,3.81,RU,1692474033
168,nguigmi,14.2495,13.1092,302.59,61,99,4.6,NE,1692474259
169,mabaruma,8.2,-59.7833,303.43,70,69,1.55,GY,1692474259
170,ribeira grande,38.5167,-28.7,297.47,69,20,3.6,PT,1692474259
171,dwarka,22.2394,68.9678,299.48,79,100,7.36,IN,1692474260
172,el nido,11.1858,119.3956,299.51,83,25,1.69,PH,1692474260
173,nuuk,64.1835,-51.7216,281.49,81,75,17.49,GL,1692474260
174,bhiwani,28.7833,76.1333,303.79,67,0,2.73,IN,1692474261
175,port lincoln,-34.7333,135.8667,286.86,81,99,3.36,AU,1692474261
176,happy valley-goose bay,53.3168,-60.3315,294.32,73,100,2.57,CA,1692474261
177,thompson,55.7435,-97.8558,289.24,63,75,4.12,CA,1692474261
178,argostolion,38.1811,20.489,300.19,55,0,6.69,GR,1692474262
179,arraial do cabo,-22.9661,-42.0278,299.13,69,0,4.12,BR,1692474262
180,fort st. john,56.2499,-120.8529,291.09,48,20,4.63,CA,1692474262
181,katsuura,35.1333,140.3,298.72,89,5,2.17,JP,1692474263
182,bureya,49.8133,129.8131,285.98,92,3,3.11,RU,1692474263
183,mangaldai,26.4333,92.0333,298.9,97,100,0.67,IN,1692474263
184,san pedro pochutla,15.7333,-96.4667,305.21,52,100,3.42,MX,1692474263
185,yuzhno-kurilsk,44.0306,145.8556,291.42,99,100,2.26,RU,1692474263
186,piacabucu,-10.4056,-36.4344,297.51,84,10,3.19,BR,1692474264
187,san luis de la loma,17.2706,-100.8939,305.04,61,53,3.91,MX,1692474264
188,brookings,44.3114,-96.7984,306.54,66,0,2.06,US,1692474264
189,zangilan,39.0883,46.6512,296.58,53,10,0.92,AZ,1692474265
190,timbuktu,16.7735,-3.0074,310.53,28,35,1.56,ML,1692474265
191,lihue,21.9789,-159.3672,300.92,73,75,7.2,US,1692474265
192,greymouth,-42.4667,171.2,281.98,93,69,2.14,NZ,1692474265
193,kichmengskiy gorodok,59.9816,45.7854,284.18,69,100,0.71,RU,1692474265
194,irece,-11.3042,-41.8558,303.1,28,26,1.47,BR,1692474266
195,cajati,-24.7361,-48.1228,294.69,74,89,0.84,BR,1692474001
196,novo aripuana,-5.1206,-60.3797,313.67,17,60,1.47,BR,1692474266
197,manoc-manoc,11.9416,121.9428,300.55,81,100,3.57,PH,1692474266
198,binghamton,42.0987,-75.918,298.71,49,0,5.14,US,1692474011
199,shalqar,47.8333,59.6,300.04,23,5,0.74,KZ,1692474267
200,muroto-misakicho,33.2833,134.15,300.6,82,14,2.41,JP,1692474267
201,san antonio de pale,-1.4014,5.6325,296.37,81,71,3.83,GQ,1692474267
202,utrik,11.2278,169.8474,301.41,77,27,6.98,MH,1692474268
203,egilsstadir,65.2653,-14.3948,283.1,87,75,6.69,IS,1692474268
204,chonchi,-42.6128,-73.8092,282.1,99,100,1.69,CL,1692474268
205,bereznik,62.8551,42.7072,283.7,75,100,1.98,RU,1692474269
206,buka,40.8108,69.1986,296.53,21,0,1.32,UZ,1692474269
207,nova sintra,14.8667,-24.7167,297.24,83,100,6.73,CV,1692474269
208,el colorado,-26.3081,-59.3729,296.97,44,0,2.58,AR,1692474269
209,tazovsky,67.4667,78.7,282.42,69,19,3.99,RU,1692474269
210,flying fish cove,-10.4217,105.6791,296.97,88,100,3.6,CX,1692474270
211,belmonte,-15.8631,-38.8828,297.65,74,0,5.05,BR,1692474270
212,fort mcmurray,56.7268,-111.381,287.92,62,100,7.2,CA,1692474153
213,ghadamis,30.1337,9.5007,306.41,15,0,2.37,LY,1692474270
214,jean-rabel,19.8533,-73.1917,304.33,67,37,6.52,HT,1692474271
215,acarau,-2.8856,-40.12,300.85,72,11,8.11,BR,1692474271
216,kidal,18.4411,1.4078,309.12,27,94,6.95,ML,1692474271
217,kenai,60.5544,-151.2583,289.2,68,75,5.14,US,1692474271
218,bokhan,53.153,103.7714,282.45,88,100,1.57,RU,1692474271
219,bredasdorp,-34.5322,20.0403,283.34,92,0,3.06,ZA,1692474154
220,yeniseysk,58.4497,92.1703,281.41,91,94,0.46,RU,1692474271
221,cartagena del chaira,1.3349,-74.8429,302.86,68,94,0.34,CO,1692474272
222,pasuquin,18.3328,120.6177,299.12,94,20,1.54,PH,1692474272
223,newport,51.5877,-2.9984,292.42,83,87,4.43,GB,1692474272
224,outjo,-20.1167,16.15,291.95,19,2,3.44,NA,1692474272
225,brokopondo,4.75,-55.1667,306.03,51,22,0.8,SR,1692474273
226,baoro,5.6667,15.9667,293.83,98,100,1.24,CF,1692474273
227,ilulissat,69.2167,-51.1,287.16,44,75,9.77,GL,1692474274
228,gadzhiyevo,69.2551,33.3362,281.44,78,100,7.66,RU,1692474274
229,ebon,4.582,168.6964,301.41,72,94,2.31,MH,1692474274
230,mont-dore,-22.2833,166.5833,293.15,99,70,6.31,NC,1692474275
231,margate,51.3813,1.3862,291.98,73,93,3.13,GB,1692474146
232,udachny,66.4167,112.4,280.07,86,62,3.87,RU,1692474275
233,boa vista,2.8197,-60.6733,304.14,62,40,5.66,BR,1692474275
234,hasaki,35.7333,140.8333,299.99,86,4,1.21,JP,1692474275
235,fenyi,27.8112,114.6681,297.99,90,74,0.74,CN,1692474276
236,mangrol,21.1167,70.1167,299.25,84,100,6.67,IN,1692474276
237,broken hill,-31.95,141.4333,282.49,94,0,2.74,AU,1692474277
238,idah,7.1065,6.7342,296.64,97,100,1.23,NG,1692474277
239,flin flon,54.7682,-101.865,290.06,63,75,4.63,CA,1692474227
240,altai,46.3722,96.2583,282.62,39,38,1.87,MN,1692474277
241,lodja,-3.4833,23.4333,297.29,78,100,1.53,CD,1692474277
242,mount isa,-20.7333,139.5,283.02,50,0,2.57,AU,1692474278
243,forster,-32.1667,152.5167,284.04,76,0,3.68,AU,1692474278
244,tashtagol,52.7657,87.8894,284.34,98,100,1.57,RU,1692474278
245,lazaro cardenas,17.9583,-102.2,304.97,59,89,7.16,MX,1692474278
246,east london,-33.0153,27.9116,289.76,77,14,3.1,ZA,1692474279
247,grantsville,40.5999,-112.4644,300.99,40,100,6.69,US,1692474279
248,korostyshiv,50.3172,29.0563,295.52,51,1,1.49,UA,1692474279
249,gaigeturi,33.4644,126.3183,299.18,83,0,1.03,KR,1692474279
250,acatlan de osorio,18.2,-98.05,305.21,29,74,3.57,MX,1692474018
251,ad-damazin,11.7891,34.3592,299.19,80,72,2.39,SD,1692474279
252,tsiombe,-25.3,45.4833,290.04,91,81,0.86,MG,1692474280
253,tutoia,-2.7619,-42.2744,300.55,78,71,7.32,BR,1692474280
254,ciudad guayana,8.3533,-62.6528,304.0,77,100,0.95,VE,1692474280
255,korla,41.7597,86.1469,299.3,27,0,5.86,CN,1692474280
256,urangan,-25.3,152.9,285.57,49,0,2.08,AU,1692474281
257,boguchany,58.3814,97.4531,284.24,91,100,2.44,RU,1692474281
258,coquimbo,-29.9533,-71.3436,295.0,46,0,6.17,CL,1692474251
259,kribi,2.95,9.9167,298.03,89,100,2.64,CM,1692474281
260,puerto aysen,-45.4,-72.7,278.22,90,97,1.29,CL,1692474281
261,prince george,53.9166,-122.753,290.84,48,0,1.03,CA,1692474253
262,bandirma,40.3522,27.9767,299.3,78,40,13.38,TR,1692474281
263,oodweyne,9.4092,45.064,300.73,38,69,8.04,SO,1692474281
264,kuching,1.55,110.3333,301.49,93,20,1.54,MY,1692474282
265,shache,38.4167,77.2406,301.26,22,98,2.04,CN,1692474282
266,chota,-6.55,-78.65,295.65,34,18,3.47,PE,1692474282
267,erdenet,49.0333,104.0833,281.88,87,100,1.54,MN,1692474282
268,bu'aale,1.0833,42.5833,297.14,77,13,5.73,SO,1692474283
269,lishui,28.4604,119.9103,296.29,98,96,1.31,CN,1692474283
270,petrovsk-zabaykal'skiy,51.273,108.843,279.9,94,7,1.76,RU,1692474283
271,nyala,12.05,24.8833,298.86,74,100,6.46,SD,1692474283
272,rio grande,-32.035,-52.0986,292.21,57,13,6.63,BR,1692474149
273,mukalla,14.5425,49.1242,302.82,72,98,3.69,YE,1692474283
274,city of balikpapan,-1.242,116.8942,299.12,89,40,3.09,ID,1692474283
275,paraiso,9.8383,-83.8656,298.1,95,100,1.75,CR,1692474283
276,arvayheer,46.2639,102.775,282.42,71,34,3.82,MN,1692474284
277,suntar,62.1444,117.6319,286.98,96,100,3.31,RU,1692474284
278,natal,-5.795,-35.2094,300.51,78,75,5.14,BR,1692474131
279,mar del plata,-38.0023,-57.5575,283.76,74,100,12.07,AR,1692474284
280,lisala,2.15,21.5167,295.66,92,61,0.55,CD,1692474284
281,sant julia de loria,42.4625,1.4825,296.67,79,24,2.35,AD,1692474284
282,tofol,5.3248,163.0078,301.58,75,41,3.79,FM,1692474284
283,macapa,0.0389,-51.0664,306.14,58,40,7.2,BR,1692474285
284,aqadyr,48.2553,72.8483,294.54,35,0,1.57,KZ,1692474285
285,xo'jaobod,40.666,72.5682,295.58,22,0,2.84,UZ,1692474285
286,dudinka,69.4058,86.1778,289.05,85,99,3.75,RU,1692474285
287,phan rang-thap cham,11.5667,108.9833,298.3,90,100,2.38,VN,1692474285
288,iskateley,67.6803,53.1512,279.76,86,89,6.63,RU,1692474286
289,dubrovnik,42.6481,18.0922,301.95,36,0,9.77,HR,1692474109
290,lensk,60.7253,114.9278,287.89,99,100,1.11,RU,1692474286
291,al bardiyah,31.7561,25.0865,299.17,80,0,4.64,LY,1692474286
292,pasir mas,6.0493,102.1399,299.09,94,96,1.22,MY,1692474286
293,murghob,38.1702,73.9667,287.37,43,43,1.45,TJ,1692474287
294,amarante do maranhao,-5.5667,-46.7422,308.18,25,88,2.24,BR,1692474287
295,oliver,49.1831,-119.5524,296.95,25,15,3.6,CA,1692474287
296,yilan,24.757,121.753,300.07,93,92,1.33,TW,1692474118
297,port elizabeth,-33.918,25.5701,289.31,82,0,3.6,ZA,1692474287
298,tamarin,-20.3256,57.3706,294.0,79,1,2.3,MU,1692474287
299,rio preto da eva,-2.6994,-59.6997,308.93,32,100,1.03,BR,1692474287
300,nabire,-3.3667,135.4833,296.62,96,100,1.9,ID,1692474287
301,midsayap,7.1167,124.5,296.25,94,100,0.63,PH,1692474287
302,necochea,-38.5473,-58.7368,281.5,72,100,15.14,AR,1692474288
303,bwizibwera,-0.5917,30.6286,294.54,57,78,0.9,UG,1692474288
304,khorixas,-20.3667,14.9667,292.06,18,5,2.49,NA,1692474288
305,na wa,17.4897,104.1006,298.95,89,100,1.88,TH,1692474288
306,barcelos,41.5388,-8.6151,296.4,95,97,1.69,PT,1692474166
307,tralee,52.2704,-9.7026,287.79,92,76,3.27,IE,1692474288
308,kapa'a,22.0752,-159.319,301.33,79,75,7.2,US,1692474288
309,jutai,-5.1833,-68.9,304.23,61,92,1.75,BR,1692474288
310,yaren,-0.5472,166.916,301.15,76,100,2.7,NR,1692474289
311,fada,9.5667,8.3,293.95,92,91,1.14,NG,1692474289
312,codrington,-38.2667,141.9667,284.62,85,100,3.29,AU,1692474289
313,anadyr,64.75,177.4833,279.43,80,0,5.81,RU,1692474289
314,san fernando de apure,7.8878,-67.4724,303.85,71,99,1.27,VE,1692474289
315,fortuna,40.5982,-124.1573,291.29,82,20,5.66,US,1692474085
316,bhinmal,25.0,72.25,302.13,66,88,6.71,IN,1692474289
317,brandon,27.9378,-82.2859,308.85,65,0,2.24,US,1692474070
318,vorkuta,67.5,64.0,278.57,84,54,1.76,RU,1692474290
319,aykhal,66.0,111.5,279.23,73,53,4.1,RU,1692474290
320,impfondo,1.6381,18.0667,296.21,85,58,0.89,CG,1692474290
321,elkins,38.9259,-79.8467,299.22,52,0,2.06,US,1692474290
322,revelstoke,50.9832,-118.2023,293.16,40,0,0.0,CA,1692474290
323,saldanha,-33.0117,17.9442,285.18,90,0,2.33,ZA,1692474129
324,bubaque,11.2833,-15.8333,300.17,82,100,4.82,GW,1692474290
325,vanino,49.0869,140.2543,292.34,79,1,3.64,RU,1692474152
326,kingston,17.997,-76.7936,307.68,66,40,10.29,JM,1692474203
327,gornyak,50.9942,81.4661,289.5,59,28,3.48,RU,1692474291
328,marsh harbour,26.5412,-77.0636,303.0,73,32,7.37,BS,1692474291
329,ulsteinvik,62.3432,5.8487,295.36,81,100,4.24,NO,1692474291
330,lemvig,56.5486,8.3102,293.26,95,100,6.58,DK,1692474291
331,bafq,31.6128,55.4107,301.93,12,0,1.14,IR,1692474292
332,mutare,-18.9707,32.6709,289.03,58,0,2.06,ZW,1692474059
333,bezenchuk,52.982,49.4333,293.88,58,18,3.15,RU,1692474292
334,kingscliff,-28.2667,153.5667,282.46,87,0,1.03,AU,1692474292
335,ancud,-41.8697,-73.8203,281.03,98,100,3.01,CL,1692474292
336,klyuchi,52.2667,79.1667,291.97,53,4,4.39,RU,1692474292
337,carnarvon,-24.8667,113.6333,291.05,49,0,5.13,AU,1692474292
338,sinazongwe,-17.2614,27.4618,295.16,45,3,1.23,ZM,1692474293
339,okondja,-0.6549,13.6753,297.18,80,100,1.14,GA,1692474293
340,papao,-17.75,-149.55,299.97,70,5,6.59,PF,1692474294
341,laojunmiao,39.8333,97.7333,290.24,27,0,0.62,CN,1692474294
342,zaysan,47.4667,84.8667,289.77,50,0,3.14,KZ,1692474294
343,ketchikan,55.3422,-131.6461,290.41,72,20,5.14,US,1692474295
344,izazi,-7.2,35.7333,296.09,43,51,2.41,TZ,1692474295
345,kimbe,-5.5502,150.1429,296.98,85,99,3.49,PG,1692474295
346,kwang binh,17.4833,106.6,301.09,79,100,1.25,VN,1692474296
347,pandan,14.0453,124.1694,299.26,84,33,1.9,PH,1692474296
348,taulaga,-11.0553,-171.0883,301.2,78,30,9.08,AS,1692474297
349,berbesti,44.9833,23.8833,296.0,48,95,2.57,RO,1692474297
350,bismarck,46.8083,-100.7837,298.06,44,0,8.75,US,1692474123
351,machico,32.7,-16.7667,298.5,78,20,7.2,PT,1692474297
352,uturoa,-16.7333,-151.4333,298.52,74,10,5.7,PF,1692474298
353,fale old settlement,-9.3852,-171.2468,301.69,73,38,8.29,TK,1692474298
354,kupang,-10.1667,123.5833,296.38,76,44,4.99,ID,1692474298
355,mount gambier,-37.8333,140.7667,284.31,93,100,2.04,AU,1692474298
356,pesca,5.55,-73.05,289.68,79,99,2.33,CO,1692474299
357,geraldton,-28.7667,114.6,278.38,93,3,2.06,AU,1692474299
358,salinopolis,-0.6136,-47.3561,301.37,73,100,6.41,BR,1692474299
359,luanda,-8.8368,13.2343,294.15,88,20,4.12,AO,1692474145
360,siwa oasis,29.2041,25.5195,306.24,25,32,2.8,EG,1692474300
361,clarion,41.2148,-79.3853,297.52,57,0,3.37,US,1692474300
362,mbaiki,3.8678,17.9892,295.17,95,100,0.37,CF,1692474301
363,smithers,54.7804,-127.1743,290.33,51,40,1.54,CA,1692474269
364,saint-francois,46.4154,3.9054,299.84,65,0,1.03,FR,1692474302
365,kendari,-3.945,122.4989,295.09,87,14,0.36,ID,1692474303
366,karratha,-20.7377,116.8463,294.88,38,0,4.32,AU,1692474304
367,san jose del guaviare,2.5729,-72.6459,304.96,58,83,0.75,CO,1692474305
368,along,28.1667,94.7667,297.35,99,100,0.16,IN,1692474305
369,tommot,58.9564,126.2925,283.49,91,93,1.56,RU,1692474306
370,al qadarif,14.0349,35.3834,301.14,69,100,3.63,SD,1692474306
371,la ronge,55.1001,-105.2842,289.27,59,75,6.69,CA,1692474307
372,san patricio,28.017,-97.5169,311.55,39,3,6.12,US,1692474308
373,vila franca do campo,37.7167,-25.4333,297.38,70,56,1.07,PT,1692474308
374,minab,27.1467,57.0801,305.46,62,45,1.15,IR,1692474309
375,zakamensk,50.3741,103.2863,280.72,92,84,0.42,RU,1692474309
376,sihanoukville,10.6093,103.5296,297.12,100,75,2.06,KH,1692474310
377,xuchang,34.0167,113.8167,297.55,84,100,2.29,CN,1692474310
378,dunedin,-45.8742,170.5036,282.27,71,1,4.02,NZ,1692474311
379,dongola,19.1667,30.4833,311.58,14,8,6.81,SD,1692474311
380,bryne,58.7354,5.6477,293.96,86,75,6.17,NO,1692474312
381,khandud,36.9513,72.318,290.55,31,42,2.12,AF,1692474312
382,shihezi,44.3,86.0333,296.99,28,0,0.23,CN,1692474313
383,aberystwyth,52.4155,-4.0829,290.31,91,100,5.96,GB,1692474313
384,mil'kovo,55.6078,37.7956,295.42,72,87,1.4,RU,1692474314
385,waingapu,-9.6567,120.2641,297.17,83,100,7.58,ID,1692474314
386,kindu,-2.95,25.95,296.03,88,100,1.69,CD,1692474314
387,le port,-20.9373,55.2919,294.15,95,9,0.65,RE,1692474314
388,pionerskiy,54.9508,20.2275,295.06,85,8,3.46,RU,1692474314
389,lijiang,26.8688,100.2207,288.78,96,100,0.86,CN,1692474315
390,shakiso,5.75,38.9167,291.44,59,100,0.33,ET,1692474315
391,khandyga,62.6667,135.6,287.92,97,100,2.67,RU,1692474316
392,selkirk,50.1436,-96.8845,300.46,26,2,8.12,CA,1692474316
393,remire-montjoly,4.9167,-52.2667,304.17,70,0,6.17,GF,1692474316
394,as sulaymaniyah,35.5611,45.4375,297.39,31,0,1.03,IQ,1692474317
395,laminusa,5.5549,120.9136,301.22,77,99,4.71,PH,1692474317
396,wabag,-5.4781,143.7021,285.2,98,100,0.47,PG,1692474318
397,vershino-darasunskiy,52.35,115.5167,281.25,78,42,4.27,RU,1692474318
398,grande prairie,55.1667,-118.8027,290.25,45,20,1.54,CA,1692474094
399,mogok,22.9167,96.5,292.15,93,100,0.81,MM,1692474318
400,coruripe,-10.1256,-36.1756,297.34,86,16,3.38,BR,1692474319
401,el fasher,13.6279,25.3494,306.32,34,64,4.9,SD,1692474319
402,hammerfest,70.6634,23.6821,281.4,93,75,2.06,NO,1692474319
403,isangel,-19.55,169.2667,295.53,82,74,3.28,VU,1692474319
404,marka,1.7159,44.7717,298.02,86,55,8.63,SO,1692474320
405,pargas,60.3067,22.301,289.28,88,96,2.81,FI,1692474320
406,arno,60.1167,18.6333,289.7,87,100,2.62,SE,1692474321
407,salinas,36.6777,-121.6555,298.6,75,0,5.14,US,1692474246
408,kavaratti,10.5669,72.642,301.51,72,100,6.79,IN,1692474321
409,hafar al-batin,28.4328,45.9708,311.47,22,20,5.14,SA,1692474322
410,colchani,-20.3,-66.9333,284.32,16,0,6.97,BO,1692474322
411,sarkhej,22.9833,72.5,301.22,74,75,4.12,IN,1692474323
412,ridgecrest,35.6225,-117.6709,305.07,33,40,6.69,US,1692474323
413,abadeh,31.1608,52.6506,294.83,17,3,1.39,IR,1692474323
414,tamiahua,21.2667,-97.45,304.37,63,100,4.75,MX,1692474324
415,sogndal,61.2283,7.1003,289.36,88,100,3.09,NO,1692474325
416,akjoujt,19.6969,-14.4164,310.61,29,91,7.26,MR,1692474325
417,capao da canoa,-29.7456,-50.0097,290.93,51,0,3.01,BR,1692474321
418,nyurba,63.2842,118.3319,286.46,80,35,3.83,RU,1692474326
419,luderitz,-26.6481,15.1594,286.42,77,9,5.07,NA,1692474326
420,yanykurgan,43.915,67.2481,299.67,21,1,3.7,KZ,1692474327
421,hermannsburg,52.8325,10.0896,298.63,83,100,0.51,DE,1692474327
422,greenland,43.0362,-70.8328,294.74,74,75,4.12,US,1692474328
423,almeirim,-1.5233,-52.5817,309.13,31,39,2.17,BR,1692474328
424,rubiataba,-15.1644,-49.8033,303.88,25,56,1.62,BR,1692474047
425,chibougamau,49.9168,-74.3659,289.94,100,100,3.6,CA,1692474104
426,waiuku,-37.25,174.75,285.55,95,100,1.3,NZ,1692474328
427,benguela,-12.5763,13.4055,294.22,87,100,1.77,AO,1692474328
428,valle de la pascua,9.2155,-66.0073,302.79,77,100,1.9,VE,1692474329
429,achacachi,-16.05,-68.6833,284.07,16,40,2.19,BO,1692474329
430,massawa,15.6097,39.45,307.49,60,100,1.16,ER,1692474329
431,port alfred,-33.5906,26.891,287.14,89,33,0.45,ZA,1692474330
432,atamyrat,37.8357,65.2106,301.01,17,0,4.64,TM,1692474330
433,nouadhibou,20.931,-17.0347,300.14,74,4,8.23,MR,1692474330
434,kapuskasing,49.4169,-82.4331,297.2,56,75,5.14,CA,1692474124
435,klaksvik,62.2266,-6.589,289.66,98,100,14.76,FO,1692474331
436,lycksele,64.5954,18.6735,286.08,88,8,1.03,SE,1692474331
437,palikir - national government center,6.9248,158.1611,301.41,73,75,4.79,FM,1692474174
438,amos,48.5669,-78.1162,296.92,28,0,3.66,CA,1692474331
439,saint-raphael,19.4333,-72.2,302.8,68,100,3.89,HT,1692474332
440,nishinoomote,30.7333,131.0,300.16,85,99,2.38,JP,1692474332
441,pindushi,62.9152,34.58,283.52,82,8,1.28,RU,1692474332
442,inhambane,-23.865,35.3833,295.14,94,20,4.12,MZ,1692474332
443,sarangani,5.4033,125.4636,300.49,78,100,3.44,PH,1692474333
444,maturin,9.75,-63.1767,302.06,100,100,3.6,VE,1692474333
445,bastogne,50.0035,5.7184,293.26,81,21,2.29,BE,1692474334
446,chitipa,-9.7024,33.2697,289.97,61,2,2.64,MW,1692474334
447,valparaiso,-33.0393,-71.6273,289.95,92,100,1.54,CL,1692474052
448,bitterfeld-wolfen,51.6167,12.3167,300.53,86,86,2.71,DE,1692474335
449,bardai,11.65,7.2333,296.31,87,90,3.86,NG,1692474335
450,kurchatov,51.6601,35.6521,298.94,54,34,2.44,RU,1692474335
451,kinmparana,12.8402,-4.9199,301.46,64,15,3.32,ML,1692474335
452,leava,-14.3,-178.1667,300.53,76,20,7.53,WF,1692474336
453,male,4.1748,73.5089,302.12,84,75,4.63,MV,1692474336
454,sisimiut,66.9395,-53.6735,285.4,69,100,8.25,GL,1692474336
455,yeed,4.55,43.0333,302.2,36,58,5.87,SO,1692474337
456,fitzgerald,31.7149,-83.2526,307.14,43,40,2.06,US,1692474337
457,princeville,45.7668,-61.2985,299.56,75,0,4.63,CA,1692474337
458,ponce,18.073,-66.6185,305.1,73,59,6.85,PR,1692474338
459,cobija,-11.0267,-68.7692,311.87,21,42,1.82,BO,1692474338
460,loiza,18.4313,-65.8802,305.85,73,40,9.26,PR,1692474339
461,ain sefra,32.75,-0.5833,303.96,22,91,4.3,DZ,1692474339
462,yurty,56.0498,97.6348,281.92,95,100,2.65,RU,1692474340
463,soio,-6.1349,12.3689,294.92,86,100,3.9,AO,1692474340
464,chokwe,-24.5333,32.9833,291.59,88,67,2.27,MZ,1692474340
465,buala,-8.145,159.5921,299.0,85,51,1.67,SB,1692474341
466,upper sandusky,40.8273,-83.2813,298.42,53,44,2.47,US,1692474341
467,mammoth lakes,37.6485,-118.9721,292.78,35,75,7.2,US,1692474138
468,isla mujeres,21.2311,-86.731,306.18,70,14,4.51,MX,1692474269
469,saint-paul,-21.0096,55.2707,294.21,95,5,0.4,RE,1692474341
470,bangolo,7.0069,-7.475,295.39,98,23,0.93,CI,1692474342
471,ji'an,27.1172,114.9793,299.41,80,24,0.39,CN,1692474342
472,arteche,12.2645,125.4048,297.97,90,98,1.78,PH,1692474343
473,garissa,-0.4536,39.6401,298.03,66,49,9.02,KE,1692474343
474,veraval,20.9,70.3667,299.16,85,100,6.95,IN,1692474344
475,tazacorte,28.629,-17.9293,297.69,83,20,5.66,ES,1692474344
476,itoman,26.1247,127.6694,301.36,89,97,2.57,JP,1692474345
477,portland,45.5234,-122.6762,303.14,40,0,0.89,US,1692474305
478,emirdag,39.0197,31.15,299.42,24,2,1.84,TR,1692474345
479,napanee,44.2501,-76.9494,299.23,30,11,5.82,CA,1692474258
480,rockport,28.0206,-97.0544,308.76,69,0,5.66,US,1692474267
481,vilyuysk,63.7553,121.6247,286.27,75,53,3.23,RU,1692474346
482,belyy yar,53.6039,91.3903,287.09,82,40,0.0,RU,1692474346
483,sidi ifni,29.3797,-10.173,298.63,62,42,3.2,MA,1692474117
484,shahriar,35.6596,51.0593,305.31,28,90,3.8,IR,1692474347
485,st. john's,47.5649,-52.7093,291.92,89,100,8.75,CA,1692474322
486,sikonge,-5.6333,32.7667,299.37,30,100,2.77,TZ,1692474348
487,bac lieu,9.285,105.7244,299.85,83,100,4.65,VN,1692474348
488,weno,7.4515,151.8468,301.12,83,40,2.57,FM,1692474348
489,polyarnyy,69.1989,33.4478,281.63,79,100,7.54,RU,1692474349
490,santa elena de uairen,4.6167,-61.1333,298.43,71,65,3.56,VE,1692474350
491,porto novo,6.4965,2.6036,298.05,92,100,1.96,BJ,1692474092
492,grootfontein,-19.5667,18.1167,290.91,24,24,1.54,NA,1692474350
493,tibagi,-24.5094,-50.4136,292.33,68,70,1.22,BR,1692474350
494,ha'il,27.5219,41.6907,308.16,15,20,2.06,SA,1692474350
495,northam,51.0333,-4.2167,292.76,89,95,4.76,GB,1692474350
496,zouerate,22.7187,-12.4521,308.12,30,9,5.38,MR,1692474351
497,bahia blanca,-38.7196,-62.2724,283.61,52,75,11.83,AR,1692474141
498,aanekoski,62.6946,25.818,284.08,6,1,0.6,FI,1692474351
499,sawai madhopur,25.9833,76.3667,301.9,70,97,1.71,IN,1692474351
500,alamos,27.0167,-108.9333,305.26,47,99,3.46,MX,1692474351
501,dakhla,23.6848,-15.958,301.16,51,0,10.29,EH,1692474097
502,yashkul',46.1711,45.3435,302.59,22,2,3.04,RU,1692474352
503,zhangye,38.9342,100.4517,296.09,29,93,2.58,CN,1692474352
504,eyl,7.9803,49.8164,298.8,77,100,9.26,SO,1692474352
505,mazagao,-0.115,-51.2894,306.18,46,10,3.18,BR,1692474352
506,mgandu,-5.95,34.1333,292.76,44,81,2.62,TZ,1692474352
507,longquan,24.6719,102.1613,292.26,93,100,0.83,CN,1692474342
508,griffin,33.2468,-84.2641,305.36,47,40,1.54,US,1692474353
509,athni,16.7333,75.0667,295.56,84,100,5.31,IN,1692474353
510,el calafate,-50.3408,-72.2768,272.59,86,94,0.65,AR,1692474354
511,banfora,10.6333,-4.7667,298.63,78,99,0.58,BF,1692474354
512,cochin,9.9399,76.2602,299.14,86,99,2.6,IN,1692474354
513,qianzhou,28.3167,109.7167,299.18,89,100,0.94,CN,1692474354
514,baiquan,47.5833,126.0833,288.45,88,15,3.3,CN,1692474355
515,dhoro naro,25.5,69.5667,300.97,67,8,7.9,PK,1692474355
516,bethanie,-26.4833,17.15,283.92,32,20,2.64,NA,1692474355
517,watertown,42.3709,-71.1828,295.53,66,100,6.17,US,1692474355
518,gotsucho,35.0,132.2167,298.82,87,56,1.61,JP,1692474356
519,cooper's town,26.8667,-77.5167,302.61,74,51,7.57,BS,1692474356
520,tucuma,-0.1833,-50.05,303.41,64,12,4.83,BR,1692474356
521,pontes e lacerda,-15.2261,-59.3353,309.53,22,63,1.55,BR,1692474356
522,san juan nepomuceno,9.9516,-75.082,305.72,57,100,1.59,CO,1692474356
523,sao felix do xingu,-6.6447,-51.995,311.36,19,7,0.72,BR,1692474339
524,tukrah,32.5341,20.5791,299.5,81,0,3.7,LY,1692474356
525,akureyri,65.6835,-18.0878,292.11,52,20,4.12,IS,1692474355
526,novodvinsk,64.4165,40.8122,283.6,92,100,2.11,RU,1692474357
527,yelovo,57.0538,54.9207,282.74,72,76,2.54,RU,1692474357
528,baiti,13.745,-14.7482,299.72,87,34,3.59,SN,1692474357
529,san felipe,10.3399,-68.7425,305.07,50,100,4.38,VE,1692474357
530,talcahuano,-36.7167,-73.1167,286.97,100,100,4.63,CL,1692474357
531,fauske,67.2588,15.3918,288.17,63,22,1.51,NO,1692474357
532,fredericksburg,38.3032,-77.4605,303.77,37,0,3.6,US,1692474330
533,colonia,50.9333,6.95,297.57,79,0,2.06,DE,1692474130
534,harper,4.375,-7.7169,298.21,90,40,3.13,LR,1692474358
535,grand falls-windsor,48.9332,-55.6649,291.76,90,100,2.24,CA,1692474358
536,tekeli,44.83,78.8239,289.91,31,0,3.47,KZ,1692474358
537,chuka,-0.3332,37.6459,290.27,52,7,1.72,KE,1692474358
538,bamboo flat,11.7,92.7167,300.2,89,40,0.0,IN,1692474358
539,taroudant,30.4703,-8.877,309.84,19,73,5.09,MA,1692474359
540,volchikha,52.0333,80.3833,289.43,69,51,3.66,RU,1692474359
541,zhijiang,30.4214,111.7533,298.49,86,100,2.34,CN,1692474359
542,ponta delgada,37.7333,-25.6667,297.55,69,20,2.06,PT,1692474359
543,alice springs,-23.7,133.8833,277.9,75,0,2.57,AU,1692474360
544,tete,-16.1564,33.5867,301.2,28,0,2.68,MZ,1692474360
545,kalmunai,7.4167,81.8167,299.9,78,3,1.21,LK,1692474360
546,kabalo,-6.05,26.9167,304.08,25,100,1.43,CD,1692474361
547,san mateo ixtatan,15.8319,-91.4781,291.48,39,37,3.67,GT,1692474361
548,horta,38.5333,-28.6333,297.05,75,20,3.6,PT,1692474362
549,caririacu,-7.0422,-39.2836,304.2,35,40,0.0,BR,1692474363
550,queenstown,-31.8976,26.8753,283.06,35,0,1.54,ZA,1692474363
551,cururupu,-1.8283,-44.8683,301.82,69,76,2.66,BR,1692474364
552,hukumati azrah,34.1736,69.6457,292.48,64,0,1.24,AF,1692474364
553,altay,47.8667,88.1167,286.98,53,45,1.36,CN,1692474364
554,oujda-angad,34.6805,-1.9076,302.5,19,0,1.54,MA,1692474365
555,lampazos de naranjo,27.0167,-100.5167,312.4,22,5,7.65,MX,1692474365
556,jebrail,39.3992,47.0283,296.09,50,43,2.3,AZ,1692474365
557,afif,23.9065,42.9172,304.64,25,2,3.36,SA,1692474365
558,newman,37.3138,-121.0208,306.51,21,2,1.75,US,1692474365
559,markovo,57.3206,107.0881,284.24,98,100,3.05,RU,1692474366
560,saint-philippe,-21.3585,55.7679,293.92,80,40,1.37,RE,1692474366
